reposit√≥rio,url,arquivo,file_exists,clone_error,k6-performance/no-heavy-init-context,k6-performance/no-heavy-init-context_loc,k6-performance/require-check,k6-performance/require-check_loc,k6-performance/require-tags,k6-performance/require-tags_loc,k6-performance/require-thresholds,k6-performance/require-thresholds_loc
samurollie/tests-TCC,https://github.com/samurollie/tests-TCC,k6-scripts/smell examples/missing-check.js,yes,,0,,1,4:1,0,,0,
samurollie/tests-TCC,https://github.com/samurollie/tests-TCC,k6-scripts/smell examples/missing-tags.js,yes,,0,,0,,7,1:1; 1:1; 9:12; 11:12; 15:12; 19:12; 25:12,0,
samurollie/tests-TCC,https://github.com/samurollie/tests-TCC,k6-scripts/smell examples/init-context-heavy-operations.js,yes,,2,4:23; 5:18,0,,0,,0,
HariSekhon/Templates,https://github.com/HariSekhon/Templates,k6.js,yes,,0,,1,49:1,0,,1,22:14
grafana/setup-k6-action,https://github.com/grafana/setup-k6-action,src/k6.ts,yes,,0,,0,,0,,0,
MieuxVoter/majority-judgment-api-python,https://github.com/MieuxVoter/majority-judgment-api-python,k6/index.js,yes,,0,,0,,7,69:35; 71:5; 85:38; 95:9; 114:38; 127:9; 132:32,1,10:14
Astrotomic/opendor.me,https://github.com/Astrotomic/opendor.me,k6.js,yes,,0,,0,,0,,1,16:12
grafana/k6-jslib-aws,https://github.com/grafana/k6-jslib-aws,build.mjs,yes,,0,,0,,0,,0,
oleiade/k6-testing,https://github.com/oleiade/k6-testing,esbuild.mjs,yes,,0,,0,,0,,0,
jynychen/tinder-match,https://github.com/jynychen/tinder-match,k6/match.js,yes,,0,,0,,3,43:33; 54:32; 61:31,1,6:12
mzikrillahihsn/Skripsi_Docker,https://github.com/mzikrillahihsn/Skripsi_Docker,script.js,yes,,0,,0,,9,28:5; 37:20; 48:19; 78:22; 93:19; 104:5; 108:5; 119:23; 145:22,1,10:14
JoaoParazzi/k6-tests,https://github.com/JoaoParazzi/k6-tests,spike.js,yes,,0,,0,,0,,1,4:14
Kouzie/spring-virtual-thread-test,https://github.com/Kouzie/spring-virtual-thread-test,get_demo.js,yes,,0,,0,,0,,1,4:14
khvalbotaihor/k6_14_05_2025,https://github.com/khvalbotaihor/k6_14_05_2025,abort.js,yes,,0,,1,10:1,0,,1,5:14
Genaker/magento-k6-performance,https://github.com/Genaker/magento-k6-performance,magento.js,yes,,0,,1,38:1,0,,0,
sivaprkolli/k6_sample_tests,https://github.com/sivaprkolli/k6_sample_tests,GetCall.js,yes,,0,,0,,0,,0,
sivaprkolli/k6_sample_tests,https://github.com/sivaprkolli/k6_sample_tests,tests/k6_test1.js,yes,,0,,0,,0,,0,
rafaelvanderlei/spring-security-loadtesting,https://github.com/rafaelvanderlei/spring-security-loadtesting,k6/script.js,yes,,0,,0,,0,,1,4:12
tqindia/fullstack,https://github.com/tqindia/fullstack,scale.js,yes,,0,,0,,0,,0,
hokireceh/boinkers,https://github.com/hokireceh/boinkers,main.js,yes,,8,97:19; 117:19; 117:58; 117:97; 117:143; 117:188; 117:252; 117:329,0,,0,,0,
RoberLozano/roberquest,https://github.com/RoberLozano/roberquest,ex.js,yes,,0,,0,,0,,0,
vis-ural/interval,https://github.com/vis-ural/interval,k6.js,yes,,0,,0,,14,17:5; 19:5; 21:5; 23:5; 25:5; 27:5; 29:5; 31:5; 33:5; 35:5; 37:5; 44:5; 48:21; 53:22,1,11:14
deekshithadevarasetty/autoscaling-api-starter,https://github.com/deekshithadevarasetty/autoscaling-api-starter,k6/load.js,yes,,0,,0,,0,,1,4:14
fabriciorosanet/k6-dotnet,https://github.com/fabriciorosanet/k6-dotnet,testeK6.js,yes,,0,,0,,0,,1,4:12
cluesurf/tone,https://github.com/cluesurf/tone,index.ts,yes,,0,,0,,0,,0,
raphaelkauan/test-web-k6,https://github.com/raphaelkauan/test-web-k6,hello.js,yes,,0,,0,,0,,0,
raphaelkauan/test-web-k6,https://github.com/raphaelkauan/test-web-k6,signup.js,yes,,0,,0,,0,,0,
usamazahid/data-access,https://github.com/usamazahid/data-access,irs_post.js,yes,,0,,0,,0,,0,
Mummies-SDC/mummies-reviews-kz,https://github.com/Mummies-SDC/mummies-reviews-kz,script.js,yes,,0,,1,22:1,0,,1,4:14
TomLyneSC/load-testing-pdt,https://github.com/TomLyneSC/load-testing-pdt,loadtest.js,yes,,0,,0,,0,,0,
willfong/loaded-node,https://github.com/willfong/loaded-node,script.js,yes,,0,,1,9:1,0,,1,4:12
gardevoir-sdc/SDC-SIva,https://github.com/gardevoir-sdc/SDC-SIva,script.js,yes,,0,,0,,0,,1,6:14
Cmdmdz/script-k6,https://github.com/Cmdmdz/script-k6,Auth.js,yes,,0,,0,,0,,1,5:12
IvEugen/xk6-accrual,https://github.com/IvEugen/xk6-accrual,loadtest.js,yes,,0,,0,,0,,1,6:14
ScharfViktor/k6-udemi,https://github.com/ScharfViktor/k6-udemi,uiTest.js,yes,,0,,0,,0,,0,
ScharfViktor/k6-udemi,https://github.com/ScharfViktor/k6-udemi,7-uiTest.js,yes,,0,,0,,0,,0,
Jgone2/foori,https://github.com/Jgone2/foori,script.js,yes,,0,,1,4:1,0,,0,
AbnerSilvaBarbosa/Test_K6,https://github.com/AbnerSilvaBarbosa/Test_K6,7-cookie.js,yes,,0,,0,,3,5:15; 15:15; 19:3,0,
ngmaibulat/graphql_express,https://github.com/ngmaibulat/graphql_express,k6/home.js,yes,,0,,1,15:1,0,,1,6:14
Zenika/bench-k8s-2023,https://github.com/Zenika/bench-k8s-2023,k6/bench.js,yes,,0,,0,,0,,1,5:14
vfarcic/k6-demo,https://github.com/vfarcic/k6-demo,simple.js,yes,,0,,1,4:1,0,,0,
DimasKA11/belajar-k6,https://github.com/DimasKA11/belajar-k6,src/ping.js,yes,,0,,0,,0,,1,4:14
dunghcmut/BEne,https://github.com/dunghcmut/BEne,loadtest.js,yes,,0,,0,,2,37:17; 41:22,0,
flyaruu/heroes-test,https://github.com/flyaruu/heroes-test,none.js,yes,,0,,0,,0,,1,5:14
brandonros/ledgerr,https://github.com/brandonros/ledgerr,k6/write.js,yes,,0,,0,,2,78:16; 113:3,0,
shiskr/k6-sample,https://github.com/shiskr/k6-sample,sample.js,yes,,0,,0,,0,,1,11:14
CintyaAprilaFandini/PPL_KUIS-1,https://github.com/CintyaAprilaFandini/PPL_KUIS-1,k6/login.js,yes,,0,,1,12:1,0,,1,4:14
CintyaAprilaFandini/PPL_KUIS-1,https://github.com/CintyaAprilaFandini/PPL_KUIS-1,k6/Logout.js,yes,,0,,1,12:1,0,,1,4:14
steadybit/k6-extension,https://github.com/steadybit/k6-extension,index.js,yes,,0,,0,,3,15:26; 31:26; 66:26,0,
gino79445/Canchu,https://github.com/gino79445/Canchu,script.js,yes,,0,,0,,0,,1,5:14
elrison/test-k6,https://github.com/elrison/test-k6,aula1.js,yes,,0,,0,,0,,1,5:14
elrison/test-k6,https://github.com/elrison/test-k6,aula3.js,yes,,0,,0,,0,,1,4:14
elrison/test-k6,https://github.com/elrison/test-k6,aula1 copy.js,yes,,0,,0,,0,,1,5:14
elrison/test-k6,https://github.com/elrison/test-k6,carga2.js,yes,,0,,0,,0,,0,
elrison/test-k6,https://github.com/elrison/test-k6,aula8.js,yes,,0,,0,,2,14:27; 25:27,0,
codetopolymath/com.goflipo.test,https://github.com/codetopolymath/com.goflipo.test,index.js,yes,,0,,0,,0,,0,
rebook-130/booking-service,https://github.com/rebook-130/booking-service,k6_get.js,yes,,0,,1,11:1,0,,1,3:12
ucudal/ANDIS2_UT1_DEMO3,https://github.com/ucudal/ANDIS2_UT1_DEMO3,script.js,yes,,0,,1,11:1,0,,0,
betagouv/e-controle-load-test,https://github.com/betagouv/e-controle-load-test,utils.js,yes,,0,,0,,0,,0,
bvankampen/k6-stresstest,https://github.com/bvankampen/k6-stresstest,k8s.js,yes,,0,,0,,1,75:21,0,
JohnnyKamigashima/PGATS-k6,https://github.com/JohnnyKamigashima/PGATS-k6,ex08.js,yes,,0,,0,,0,,1,8:14
JohnnyKamigashima/PGATS-k6,https://github.com/JohnnyKamigashima/PGATS-k6,ex07.js,yes,,0,,0,,0,,0,
usesofia/research-nodejs-and-mongodb-performance,https://github.com/usesofia/research-nodejs-and-mongodb-performance,populate.js,yes,,0,,0,,3,38:24; 138:24; 178:24,1,5:14
fernando-pcg/k6_scripts,https://github.com/fernando-pcg/k6_scripts,script.js,yes,,0,,0,,2,10:20; 19:3,1,4:12
Adilforest/SRE_Final_Project,https://github.com/Adilforest/SRE_Final_Project,loadtest.js,yes,,0,,0,,0,,1,4:14
tinrael/product,https://github.com/tinrael/product,script.js,yes,,0,,0,,0,,0,
eunicean/TUTTOSoft1,https://github.com/eunicean/TUTTOSoft1,stress.js,yes,,0,,0,,3,11:18; 32:21; 44:26,1,4:12
possani/FaaST,https://github.com/possani/FaaST,script.js,yes,,0,,0,,0,,1,4:12
PBL-Dream-Team/HRIS,https://github.com/PBL-Dream-Team/HRIS,k6/login.js,yes,,0,,0,,0,,1,4:12
wilump-labs/k6-in-actions,https://github.com/wilump-labs/k6-in-actions,script.js,yes,,0,,0,,0,,1,4:14
rfp55-sdc-navi/reviews,https://github.com/rfp55-sdc-navi/reviews,script.js,yes,,0,,1,10:1,0,,1,4:12
RPT24TurkishDelight/somebirds-product-accordion,https://github.com/RPT24TurkishDelight/somebirds-product-accordion,script.js,yes,,0,,1,17:1,0,,1,4:12
DendyAR/perpormance-test-k6,https://github.com/DendyAR/perpormance-test-k6,script.js,yes,,0,,0,,3,21:18; 36:19; 37:3,0,
Sahanipe/pet_store,https://github.com/Sahanipe/pet_store,main.js,yes,,0,,0,,0,,1,18:12
Chris-Owusu/k6,https://github.com/Chris-Owusu/k6,ssl.js,yes,,0,,1,4:1,0,,0,
Chris-Owusu/k6,https://github.com/Chris-Owusu/k6,script.js,yes,,0,,1,9:1,0,,1,4:14
Chris-Owusu/k6,https://github.com/Chris-Owusu/k6,cliOptions.js,yes,,0,,1,10:1,0,,1,4:14
MuhammadAqil25/SQAMobbi,https://github.com/MuhammadAqil25/SQAMobbi,k6/Belajar/check.js,yes,,0,,0,,0,,0,
unixisking/perf-benchmark,https://github.com/unixisking/perf-benchmark,k6-node.js,yes,,0,,0,,0,,1,22:14
ranfcordeiro/K6,https://github.com/ranfcordeiro/K6,main.js,yes,,0,,0,,0,,0,
alirahmani93/k6_load_testing,https://github.com/alirahmani93/k6_load_testing,script.js,yes,,0,,0,,3,85:26; 87:26; 89:26,0,
echashin/mango-test,https://github.com/echashin/mango-test,k6/user.js,yes,,0,,1,20:1,0,,0,
JoakimJohesan/k6-load-testing,https://github.com/JoakimJohesan/k6-load-testing,script.js,yes,,0,,0,,0,,0,
powerandcontrol/Simula-o-Teste-de-Carga-PI2-2025-01-,https://github.com/powerandcontrol/Simula-o-Teste-de-Carga-PI2-2025-01-,script.js,yes,,0,,0,,0,,1,26:12
namprungs/eduscape,https://github.com/namprungs/eduscape,script.js,yes,,0,,0,,0,,1,4:12
otus-load/k6-sampler,https://github.com/otus-load/k6-sampler,sample.js,yes,,0,,0,,7,61:13; 69:3; 71:9; 73:23; 91:19; 105:17; 111:22,0,
mrezende1/testes-performance,https://github.com/mrezende1/testes-performance,index.js,yes,,0,,0,,0,,0,
rmnobarra/simple-python-api,https://github.com/rmnobarra/simple-python-api,loadTest.js,yes,,0,,0,,0,,1,4:12
PGIII/nucleus-http,https://github.com/PGIII/nucleus-http,k6bench.js,yes,,0,,0,,0,,1,3:14
huanciou/dcard-golang-project,https://github.com/huanciou/dcard-golang-project,script.js,yes,,0,,1,12:1,1,14:5,0,
kotoant/spring-petclinic-rest,https://github.com/kotoant/spring-petclinic-rest,script.js,yes,,0,,0,,10,146:26; 159:24; 168:26; 172:25; 175:23; 178:25; 181:26; 186:23; 191:25; 196:25,1,5:14
Ana-Gutman/YAGNI,https://github.com/Ana-Gutman/YAGNI,script.js,yes,,0,,0,,0,,0,
franekrocha/kubernetes,https://github.com/franekrocha/kubernetes,k6/kiali.js,yes,,0,,0,,0,,1,4:14
nicolevanderhoeven/k6-scripts,https://github.com/nicolevanderhoeven/k6-scripts,expoqa/browser.js,yes,,0,,0,,8,22:5; 33:5; 51:5; 63:5; 82:5; 93:5; 104:5; 121:5,0,
sreevardhanreddi/serverless-api-benchmarking,https://github.com/sreevardhanreddi/serverless-api-benchmarking,script.js,yes,,0,,1,4:1,0,,0,
kunal-154/K6,https://github.com/kunal-154/K6,script.js,yes,,0,,0,,3,13:15; 14:11; 15:11,1,4:14
honocoder/k6-testing,https://github.com/honocoder/k6-testing,script.js,yes,,0,,1,13:1,0,,0,
log2jiten24/k6_Performance_Test_Jiten,https://github.com/log2jiten24/k6_Performance_Test_Jiten,script.js,yes,,0,,1,8:1,0,,1,4:14
monishcorreia/k6-thetesttribe-demo,https://github.com/monishcorreia/k6-thetesttribe-demo,script.js,yes,,0,,0,,0,,0,
zawad08/K6-Tool-scripts,https://github.com/zawad08/K6-Tool-scripts,soak.js,yes,,0,,0,,0,,1,9:14
adko99/loadtesting,https://github.com/adko99/loadtesting,task4.js,yes,,0,,0,,2,29:15; 43:27,1,4:12
rpp2204-sdc-caesar/Reviews--API,https://github.com/rpp2204-sdc-caesar/Reviews--API,script.js,yes,,0,,0,,0,,1,4:14
Ensono/derekrose-perf-testing,https://github.com/Ensono/derekrose-perf-testing,src/steps.js,yes,,1,5:13,0,,0,,1,41:18
asindarov/Future-me-clone,https://github.com/asindarov/Future-me-clone,script.js,yes,,0,,1,27:1,0,,0,
kay421/logs-metrics-traces,https://github.com/kay421/logs-metrics-traces,script.js,yes,,0,,1,33:1,2,34:3; 35:3,0,
SilviuCristian45/proiect_tsac,https://github.com/SilviuCristian45/proiect_tsac,main.ts,yes,,0,,0,,0,,0,
ts01soonr/k6,https://github.com/ts01soonr/k6,apiLogin.js,yes,,0,,0,,0,,1,4:14
Automation-Test-Starter/K6-Performance-Test-starter,https://github.com/Automation-Test-Starter/K6-Performance-Test-starter,demo.js,yes,,0,,1,58:1,0,,1,4:14
bertonha/framework-comparison,https://github.com/bertonha/framework-comparison,stress.js,yes,,0,,1,11:1,0,,1,4:14
frevar1975/Clases,https://github.com/frevar1975/Clases,UGRM/Docker-feb-2025/coleccionDockerfiles/bash-tools/templates/k6.js,yes,,0,,1,49:1,0,,1,22:14
frevar1975/Clases,https://github.com/frevar1975/Clases,UGRM/Docker-feb-2025/coleccionDockerfiles/bash-tools/templates/ansible-templates/bash-tools/templates/k6.js,yes,,0,,1,49:1,0,,1,22:14
AbidKhairyAK/learn-k6,https://github.com/AbidKhairyAK/learn-k6,check.js,yes,,0,,0,,0,,0,
rxtcp/dissertation-on-measuring-system-performance-indicators,https://github.com/rxtcp/dissertation-on-measuring-system-performance-indicators,script.js,yes,,0,,0,,10,146:26; 159:24; 168:26; 172:25; 175:23; 178:25; 181:26; 186:23; 191:25; 196:25,1,5:14
nicolevanderhoeven/expoqa,https://github.com/nicolevanderhoeven/expoqa,browser.js,yes,,0,,0,,8,22:5; 33:5; 51:5; 63:5; 82:5; 93:5; 104:5; 121:5,0,
yashukaushik01/csa-load-tests,https://github.com/yashukaushik01/csa-load-tests,test.js,yes,,0,,1,13:1,0,,0,
ardatan/feTS,https://github.com/ardatan/feTS,benchmark/k6.js,yes,,0,,0,,0,,0,
supabase/benchmarks,https://github.com/supabase/benchmarks,examples/supavisor/single-insert/k6/load.js,yes,,0,,0,,0,,1,36:14
supabase/benchmarks,https://github.com/supabase/benchmarks,examples/supavisor/pgbench-single/k6/load.js,yes,,0,,0,,0,,1,34:14
supabase/benchmarks,https://github.com/supabase/benchmarks,examples/supavisor/simple-select/k6/load.js,yes,,1,45:29,0,,0,,1,35:14
s00d/nuxt-i18n-micro,https://github.com/s00d/nuxt-i18n-micro,k6-script.js,yes,,0,,0,,0,,0,
Consensys/codefi-assets-and-payments,https://github.com/Consensys/codefi-assets-and-payments,platform/services/entity-api/k6/utils/kafka.ts,yes,,0,,0,,0,,0,
Consensys/codefi-assets-and-payments,https://github.com/Consensys/codefi-assets-and-payments,platform/services/entity-api/k6/src/endpoint/updateWallet.ts,yes,,0,,0,,0,,0,
Consensys/codefi-assets-and-payments,https://github.com/Consensys/codefi-assets-and-payments,platform/services/entity-api/k6/src/endpoint/updateTenant.ts,yes,,0,,0,,0,,0,
hari-p8-io/RestVsGrpc,https://github.com/hari-p8-io/RestVsGrpc,k6-grpc-ramp.js,yes,,0,,0,,0,,0,
hari-p8-io/RestVsGrpc,https://github.com/hari-p8-io/RestVsGrpc,k6-rest-30tps.js,yes,,0,,0,,0,,0,
PraveenAsthana123/cypresstesting,https://github.com/PraveenAsthana123/cypresstesting,perf/k6-smoke.js,yes,,0,,0,,8,126:24; 146:24; 170:31; 181:29; 209:25; 255:32; 286:32; 312:26,0,
PraveenAsthana123/cypresstesting,https://github.com/PraveenAsthana123/cypresstesting,perf/k6-stress.js,yes,,0,,0,,4,99:23; 109:25; 122:7; 126:7,0,
grafana/synthetic-monitoring-app,https://github.com/grafana/synthetic-monitoring-app,src/components/ScriptExamplesMenu/snippets/basic_auth.js,yes,,0,,0,,2,17:13; 35:9,1,8:14
grafana/synthetic-monitoring-app,https://github.com/grafana/synthetic-monitoring-app,src/components/ScriptExamplesMenu/snippets/browser_fill_form.js,yes,,0,,0,,0,,0,
grafana/synthetic-monitoring-app,https://github.com/grafana/synthetic-monitoring-app,src/components/ScriptExamplesMenu/snippets/extract_token_csrf.js,yes,,0,,1,6:1,0,,1,4:14
mountebank-testing/mountebank,https://github.com/mountebank-testing/mountebank,mbTest/perf/loadTest.js,yes,,0,,0,,0,,0,
TelenorNorway/docker-for-win-issue-8861,https://github.com/TelenorNorway/docker-for-win-issue-8861,src/main/k6/testcase.js,yes,,0,,0,,0,,1,103:14
govuk-one-login/performance-testing,https://github.com/govuk-one-login/performance-testing,deploy/scripts/src/mobile/sts/utils/assertions.ts,yes,,0,,0,,0,,0,
van1164/AllYouRaffle-BE,https://github.com/van1164/AllYouRaffle-BE,k6_executor/purchase.js,yes,,0,,0,,0,,1,5:12
saiya/dsps,https://github.com/saiya/dsps,loadtest/loadtest.k6.js,yes,,0,,0,,0,,0,
LauroDF/FinalChallenge,https://github.com/LauroDF/FinalChallenge,projeto-ServeRest-k6/support/utils/Delete-User.js,yes,,0,,0,,0,,1,4:14
adi-testing/k6-performance-tests,https://github.com/adi-testing/k6-performance-tests,scripts/average_load.js,yes,,0,,0,,0,,0,
pagopa/pn-load-test,https://github.com/pagopa/pn-load-test,src/InteropTracing.js,yes,,3,8:22; 8:33; 22:21,0,,2,90:11; 94:25,1,8:12
pagopa/pn-load-test,https://github.com/pagopa/pn-load-test,src/DeliveryGetNotificationWeb.js,yes,,3,8:22; 8:33; 15:15,0,,0,,1,8:12
weigen393/DataCat,https://github.com/weigen393/DataCat,k6.js,yes,,0,,0,,0,,1,6:14
kithekadk/Employee-management-system,https://github.com/kithekadk/Employee-management-system,backend/src/k6_performance/smoketest.js,yes,,0,,1,12:1,0,,0,
GyanaprakashKhandual/Automation-Functional-Py-Test,https://github.com/GyanaprakashKhandual/Automation-Functional-Py-Test,gmppages/ahm.js,yes,,0,,0,,0,,0,
airellbachtiar/RaffleShopping-Backend,https://github.com/airellbachtiar/RaffleShopping-Backend,.monitoring/scripts/GetAllCatalogsScript.js,yes,,0,,0,,0,,1,6:14
criscarlolm/k6-kubernetes-aws-loadtest,https://github.com/criscarlolm/k6-kubernetes-aws-loadtest,eks/js/tcm-6440-aws.js,yes,,0,,0,,0,,1,5:12
criscarlolm/k6-kubernetes-aws-loadtest,https://github.com/criscarlolm/k6-kubernetes-aws-loadtest,eks/js/tcm-6340.js,yes,,0,,0,,0,,1,10:12
criscarlolm/k6-kubernetes-aws-loadtest,https://github.com/criscarlolm/k6-kubernetes-aws-loadtest,eks/js/tcm-6246.js,yes,,0,,0,,0,,1,10:12
criscarlolm/k6-kubernetes-aws-loadtest,https://github.com/criscarlolm/k6-kubernetes-aws-loadtest,eks/js/tcm-6936-case-posting30vusqa5.js,yes,,0,,1,350:1,9,362:9; 368:9; 374:9; 380:9; 385:9; 390:9; 394:9; 400:15; 401:5,1,69:12
criscarlolm/k6-kubernetes-aws-loadtest,https://github.com/criscarlolm/k6-kubernetes-aws-loadtest,eks/js/tcm-6247-vu1.js,yes,,0,,0,,0,,1,10:12
kennedyoliveira/hltb-proxy,https://github.com/kennedyoliveira/hltb-proxy,benchmark/benchmark.js,yes,,0,,0,,0,,1,8:14
aotearoan/neon,https://github.com/aotearoan/neon,src/app/views/user-input/select/Select.ts,yes,,0,,0,,0,,0,
Challe-P/report-load-tests,https://github.com/Challe-P/report-load-tests,script-html-report.js,yes,,0,,0,,2,15:3; 15:9,0,
Challe-P/report-load-tests,https://github.com/Challe-P/report-load-tests,script.js,yes,,0,,0,,2,14:3; 14:9,0,
Dmitry-Boyko/Udemy,https://github.com/Dmitry-Boyko/Udemy,K6/external-json-initial.js,yes,,0,,0,,2,11:15; 25:11,0,
Dmitry-Boyko/Udemy,https://github.com/Dmitry-Boyko/Udemy,K6/groups.js,yes,,0,,0,,4,17:19; 21:13; 22:13; 28:9,0,
shandysiswandi/k6-starter,https://github.com/shandysiswandi/k6-starter,scenarios/sayHello.js,yes,,0,,0,,0,,1,8:14
Krithikeswaranmk/final_helyxon,https://github.com/Krithikeswaranmk/final_helyxon,.history/src/services/langchainLocalService_20250610093942.ts,yes,,0,,0,,0,,0,
Krithikeswaranmk/final_helyxon,https://github.com/Krithikeswaranmk/final_helyxon,.history/src/services/langchainLocalService_20250610092951.ts,yes,,0,,0,,0,,0,
Blodowica/kb-search-service,https://github.com/Blodowica/kb-search-service,Search service/SearchingServicePOC/LoadTests/movietest.js,yes,,0,,0,,3,13:16; 17:16; 21:16,1,4:12
SungHo4119/eCommerce,https://github.com/SungHo4119/eCommerce,k6-scripts/stress.js,yes,,0,,0,,0,,1,5:14
srperf/k6Modular,https://github.com/srperf/k6Modular,otherExamples/remoteOptions/Stages.js,yes,,0,,1,19:1,0,,1,4:14
rickdgeerling/nestjs-library,https://github.com/rickdgeerling/nestjs-library,k6/browse-books.js,yes,,0,,1,11:1,9,13:15; 24:3; 25:16; 31:7; 37:7; 41:7; 44:7; 52:7; 55:7,1,5:14
steadybit/examples,https://github.com/steadybit/examples,loadtest/k6-start-experiment/script.js,yes,,0,,1,11:1,0,,0,
ubselcuk/toolbox,https://github.com/ubselcuk/toolbox,k6/example.js,yes,,0,,1,22:1,0,,1,4:12
rpp36-sdc-smtp/smtp-serena-QnA,https://github.com/rpp36-sdc-smtp/smtp-serena-QnA,server/K6/stressTest_reportAnswer.js,yes,,0,,0,,2,26:3; 26:9,0,
zitadel/zitadel,https://github.com/zitadel/zitadel,benchmark/src/user.ts,yes,,0,,0,,0,,0,
zitadel/zitadel,https://github.com/zitadel/zitadel,benchmark/src/use_cases/users_by_metadata_value.ts,yes,,0,,0,,0,,0,
zitadel/zitadel,https://github.com/zitadel/zitadel,benchmark/src/use_cases/manipulate_user.ts,yes,,0,,0,,0,,0,
cristianlopera24/PetStore_Performance,https://github.com/cristianlopera24/PetStore_Performance,cases/store/postStoreOrderTest.js,yes,,0,,0,,0,,1,12:12
AntonioVFranco/InvyaAI,https://github.com/AntonioVFranco/InvyaAI,load/k6/score_scenario.js,yes,,0,,0,,0,,0,
JS-Ranker/Monitoreo_k6,https://github.com/JS-Ranker/Monitoreo_k6,Monitoreo_k6/steps/addToCart.js,yes,,0,,0,,0,,0,
JS-Ranker/Monitoreo_k6,https://github.com/JS-Ranker/Monitoreo_k6,Monitoreo_k6/steps/submitLogin.js,yes,,0,,0,,0,,0,
jsvitorm/ponderadasemana9m9,https://github.com/jsvitorm/ponderadasemana9m9,src/soak.js,yes,,0,,0,,0,,1,4:12
habyyb/CD-AdvancedDigitalIQ,https://github.com/habyyb/CD-AdvancedDigitalIQ,src/loadgenerator/K6_performance.js,yes,,0,,0,,4,188:21; 194:24; 200:32; 213:30,0,
Guspex/EBAC-QA,https://github.com/Guspex/EBAC-QA,Mod28/requests/products.request.js,yes,,0,,0,,0,,0,
yudas-programador/Pruebas-de-integracion,https://github.com/yudas-programador/Pruebas-de-integracion,carga_dashboard.js,no,git clone failed (status 128),0,,0,,0,,0,
edusoftpro/js-k6,https://github.com/edusoftpro/js-k6,k6-apijs-examples/10metrics/gauges.js,yes,,0,,1,13:1,0,,0,
edusoftpro/js-k6,https://github.com/edusoftpro/js-k6,implementations/it07quality-gate.js,yes,,0,,1,26:1,0,,0,
edusoftpro/js-k6,https://github.com/edusoftpro/js-k6,qanda/01string-literals.js,yes,,0,,1,3:1,0,,0,
edusoftpro/js-k6,https://github.com/edusoftpro/js-k6,qanda/04literals-json.js,yes,,0,,1,10:1,0,,1,5:14
vini2sousa/banking-process,https://github.com/vini2sousa/banking-process,teste-transferencia.js,yes,,0,,0,,0,,1,4:12
duberton/eks-experiment,https://github.com/duberton/eks-experiment,k6/loadtest.js,yes,,0,,0,,0,,1,5:14
aubronsamuel-hash/a,https://github.com/aubronsamuel-hash/a,scripts/k6/smoke.js,yes,,0,,0,,0,,0,
IceScout26/swagger-petstore-sqa,https://github.com/IceScout26/swagger-petstore-sqa,pet_s3/deletePetId_maintainability.js,yes,,0,,0,,2,36:15; 65:5,1,5:12
IceScout26/swagger-petstore-sqa,https://github.com/IceScout26/swagger-petstore-sqa,user_s1/userLogin_compatibility.js,yes,,0,,0,,0,,1,4:12
IceScout26/swagger-petstore-sqa,https://github.com/IceScout26/swagger-petstore-sqa,user_s1/putUsername_maintainability.js,yes,,0,,0,,2,52:15; 80:5,1,5:12
IceScout26/swagger-petstore-sqa,https://github.com/IceScout26/swagger-petstore-sqa,user_s1/createwithlist_performance.js,yes,,0,,0,,0,,1,8:14
usmansaleem/signers_docker_compose,https://github.com/usmansaleem/signers_docker_compose,web3signer-loadtest/sign-loadtest.js,yes,,0,,0,,0,,1,4:12
farhanlabib/xk6-file-sample-project,https://github.com/farhanlabib/xk6-file-sample-project,pkg/mod/github.com/grafana/xk6-browser@v1.0.2/examples/evaluate.js,yes,,0,,0,,0,,0,
farhanlabib/xk6-file-sample-project,https://github.com/farhanlabib/xk6-file-sample-project,pkg/mod/github.com/grafana/xk6-browser@v1.0.2/examples/hosts.js,yes,,0,,0,,0,,0,
farhanlabib/xk6-file-sample-project,https://github.com/farhanlabib/xk6-file-sample-project,pkg/mod/github.com/grafana/xk6-grpc@v0.1.3-0.20230717090346-fb49221e0ce1/examples/grpc_client_streaming.js,yes,,0,,0,,0,,0,
HappyPathsOnly/k6-more-examples,https://github.com/HappyPathsOnly/k6-more-examples,parallel-calls/sequential-01.js,yes,,0,,0,,5,12:16; 20:16; 27:16; 46:16; 52:16,0,
hanghae-plus-5th/hhplus-e-commerce,https://github.com/hanghae-plus-5th/hhplus-e-commerce,k6/product/getTopProducts.js,yes,,0,,0,,0,,0,
hanghae-plus-5th/hhplus-e-commerce,https://github.com/hanghae-plus-5th/hhplus-e-commerce,k6/scenario/scenario.js,yes,,0,,0,,6,11:20; 25:13; 34:10; 38:10; 42:9; 55:9,0,
horadoqa/scripts-k6,https://github.com/horadoqa/scripts-k6,sequencial/script.js,yes,,0,,0,,0,,1,4:14
geraldosalazar16/sentry-concurrency,https://github.com/geraldosalazar16/sentry-concurrency,k6.js,yes,,0,,1,4:1,0,,0,
spryker/commerce-k6-performance-tests,https://github.com/spryker/commerce-k6-performance-tests,src/pages/bo/merchant-sales.page.js,yes,,0,,0,,0,,0,
spryker/commerce-k6-performance-tests,https://github.com/spryker/commerce-k6-performance-tests,src/pages/yves/order.page.js,yes,,0,,0,,2,15:22; 28:22,0,
DFE-Digital/publish-teacher-training,https://github.com/DFE-Digital/publish-teacher-training,load_testing/find/journeys/course-details.js,yes,,0,,0,,4,9:30; 20:30; 35:30; 40:32,0,
DFE-Digital/publish-teacher-training,https://github.com/DFE-Digital/publish-teacher-training,load_testing/find/utils/checks.js,yes,,0,,0,,0,,0,
WhrTvT/hhplus-Ecommerce,https://github.com/WhrTvT/hhplus-Ecommerce,k6/k6-scripts/peak.js,yes,,0,,0,,2,33:21; 51:27,0,
unknowntpo/playground-2022,https://github.com/unknowntpo/playground-2022,infra/twcc/script.js,yes,,0,,1,58:1,0,,1,4:14
unknowntpo/playground-2022,https://github.com/unknowntpo/playground-2022,infra/gcloud/script.js,yes,,0,,1,58:1,0,,1,4:14
glific/k6io,https://github.com/glific/k6io,src/flows/new_contact.ts,yes,,0,,0,,0,,0,
glific/k6io,https://github.com/glific/k6io,src/message.ts,yes,,0,,0,,0,,0,
hugogu/rt-balance,https://github.com/hugogu/rt-balance,load-testing/scripts/transaction-stress.js,yes,,0,,0,,0,,1,5:12
arjunbalussery/kotlin-async,https://github.com/arjunbalussery/kotlin-async,kotlin/k6/loadtest.js,yes,,0,,0,,0,,1,4:12
arjunbalussery/kotlin-async,https://github.com/arjunbalussery/kotlin-async,kotlin/k6/loadtestcoroutine.js,yes,,0,,0,,0,,1,4:12
mulyosyahidin/spring-boot-vocasia-microservices,https://github.com/mulyosyahidin/spring-boot-vocasia-microservices,testing/base-testing/src/6-order-service.js,yes,,0,,0,,2,81:31; 105:38,1,17:12
Kong/kong_ai_gateway-portkey-litellm-benchmark,https://github.com/Kong/kong_ai_gateway-portkey-litellm-benchmark,k6/wiremock.js,yes,,0,,0,,2,27:11; 30:5,1,6:14
KaueReinbold/Reminders,https://github.com/KaueReinbold/Reminders,infrastructure/k6/scripts/k6.get.js,yes,,0,,0,,0,,0,
CHOHYUNHWA/concert-reservation-service,https://github.com/CHOHYUNHWA/concert-reservation-service,k6/scripts/api-queues-token.js,yes,,0,,0,,0,,0,
qcoop918/k6-bookstore-tests,https://github.com/qcoop918/k6-bookstore-tests,data/acmescriptProf.js,yes,,0,,0,,0,,0,
qcoop918/k6-bookstore-tests,https://github.com/qcoop918/k6-bookstore-tests,data/acmescriptP.js,yes,,0,,0,,0,,0,
data-altinn-no/k6-tests,https://github.com/data-altinn-no/k6-tests,testCreateHarvestDelete.js,yes,,0,,0,,0,,0,
jeffascript/k6-load-testing,https://github.com/jeffascript/k6-load-testing,src/controller/user.register.ts,yes,,0,,0,,0,,0,
Ensembl/ensembl-dauphin-style-compiler,https://github.com/Ensembl/ensembl-dauphin-style-compiler,peregrine-generic/script.js,yes,,0,,1,30:1,0,,1,17:14
Matrics-io/k6-sdk,https://github.com/Matrics-io/k6-sdk,templates/ramp.js,yes,,0,,0,,1,247:26,0,
Matrics-io/k6-sdk,https://github.com/Matrics-io/k6-sdk,templates/light.js,yes,,0,,0,,1,180:26,0,
Matrics-io/k6-sdk,https://github.com/Matrics-io/k6-sdk,templates/stress.js,yes,,0,,0,,1,104:26,0,
eswaryalakanti/Learning-Management-system,https://github.com/eswaryalakanti/Learning-Management-system,Server/controllers/user.controller.js,yes,,0,,0,,0,,0,
Thanasornsawan/k6-performance-testing-practice,https://github.com/Thanasornsawan/k6-performance-testing-practice,basic/getapi.js,yes,,0,,0,,0,,0,
robersonliou/k6-playground,https://github.com/robersonliou/k6-playground,src/check/hello-check.js,yes,,0,,0,,0,,0,
Informatievlaanderen/registry-testing,https://github.com/Informatievlaanderen/registry-testing,src/address/search.js,yes,,0,,0,,0,,0,
Informatievlaanderen/registry-testing,https://github.com/Informatievlaanderen/registry-testing,src/streetname/list.js,yes,,0,,0,,0,,0,
Informatievlaanderen/registry-testing,https://github.com/Informatievlaanderen/registry-testing,src/parcel/list-status.js,yes,,0,,0,,0,,0,
al-mentor/performance-test,https://github.com/al-mentor/performance-test,DeepLinking/user-link.js,yes,,0,,0,,0,,0,
venuthomas/API_7_Ways,https://github.com/venuthomas/API_7_Ways,K6Testing/DeleteEmployeeK6/DeleteEmployeeFastEndpoint.js,yes,,0,,0,,0,,0,
venuthomas/API_7_Ways,https://github.com/venuthomas/API_7_Ways,K6Testing/GetAllEmployeeK6/GetAllEmployeeController.js,yes,,0,,1,9:1,0,,0,
DiogoRibeiro7/git-actions-collection,https://github.com/DiogoRibeiro7/git-actions-collection,examples/api-testing/k6-script.js,yes,,0,,0,,0,,1,4:12
hpi-schul-cloud/k6-load-testing-template,https://github.com/hpi-schul-cloud/k6-load-testing-template,pages/homepage.js,yes,,0,,0,,0,,0,
nadiaalnd/Performance-Test-Adamlabs-Demo,https://github.com/nadiaalnd/Performance-Test-Adamlabs-Demo,scripts/patient/GetAllPatient.js,yes,,0,,0,,2,16:16; 20:9,0,
Milla2000/Shopify,https://github.com/Milla2000/Shopify,Shopify-backend/K6/breakpointTest.js,yes,,0,,1,12:1,0,,1,4:14
TAEPAPER/hhplus-2week-server,https://github.com/TAEPAPER/hhplus-2week-server,docs/k6/k6_script/product/product_getOne.js,yes,,0,,0,,0,,1,4:14
Zweiblum66/vpams,https://github.com/Zweiblum66/vpams,benchmarks/scenarios/concurrent-users.js,yes,,0,,4,115:17; 174:17; 246:17; 280:17,18,132:13; 138:9; 146:11; 162:9; 196:19; 204:19; 213:19; 229:19; 262:15; 269:23; 302:19; 319:19; 334:26; 348:19; 376:19; 390:19; 404:19; 419:19,0,
triszt4n/streamzen-monorepo,https://github.com/triszt4n/streamzen-monorepo,perftesting/script_old.js,yes,,0,,0,,0,,1,4:14
brodo/kubectl-k6,https://github.com/brodo/kubectl-k6,examples/get_nodes/GetNodes.js,yes,,0,,1,76:1,0,,0,
NelsonBN/samples-k6-tests,https://github.com/NelsonBN/samples-k6-tests,src/http-requests/verbs-put.js,yes,,0,,0,,0,,0,
cabinetoffice/GCGS-Central-Digital-Platform,https://github.com/cabinetoffice/GCGS-Central-Digital-Platform,terragrunt/tools/k6/scripts/requests/Persons/postPersons.js,yes,,0,,0,,0,,0,
cabinetoffice/GCGS-Central-Digital-Platform,https://github.com/cabinetoffice/GCGS-Central-Digital-Platform,terragrunt/tools/k6/scripts/requests/Tenant/postTenant.js,yes,,0,,0,,0,,0,
cabinetoffice/GCGS-Central-Digital-Platform,https://github.com/cabinetoffice/GCGS-Central-Digital-Platform,terragrunt/tools/k6/scripts/requests/OrganisationPersons/getOrganisationPersons.js,yes,,0,,0,,0,,0,
cabinetoffice/GCGS-Central-Digital-Platform,https://github.com/cabinetoffice/GCGS-Central-Digital-Platform,terragrunt/tools/k6/scripts/requests/OrganisationParties/postAddParty.js,yes,,0,,0,,0,,0,
cabinetoffice/GCGS-Central-Digital-Platform,https://github.com/cabinetoffice/GCGS-Central-Digital-Platform,terragrunt/tools/k6/scripts/requests/Tenant/getTenantLookup.js,yes,,0,,0,,0,,0,
copyleftdev/k6_project,https://github.com/copyleftdev/k6_project,script.js,yes,,0,,0,,0,,0,
doanandreas/tugas-mandiri-4,https://github.com/doanandreas/tugas-mandiri-4,script-read-cache.js,yes,,0,,1,21:1,0,,0,
beincom/bic-notification-perf-load,https://github.com/beincom/bic-notification-perf-load,src/scenarios/answer-quiz.scenarios.ts,yes,,0,,0,,0,,0,
wizenheimer/periscope,https://github.com/wizenheimer/periscope,scripts/openai-prefix-caching.js,yes,,0,,0,,0,,1,36:14
PurpleFishh/muzici,https://github.com/PurpleFishh/muzici,backend-module/testing/auth_testing.js,yes,,0,,0,,2,65:20; 88:25,0,
DaniTavaresSantos/NotificationService,https://github.com/DaniTavaresSantos/NotificationService,LoadTest/loadtest_script.js,yes,,0,,0,,2,45:21; 48:3,0,
RafaelFerSilva/k6,https://github.com/RafaelFerSilva/k6,documentation/4-functional_behavior_check copy.js,yes,,0,,0,,0,,0,
RafaelFerSilva/k6,https://github.com/RafaelFerSilva/k6,documentation/11-contacts.js,yes,,0,,0,,2,10:15; 15:11,0,
matfritzen/k6-tests,https://github.com/matfritzen/k6-tests,k6-scripts/custom-tags.js,yes,,0,,0,,2,19:15; 34:11,0,
SamikshyaS/loadTest,https://github.com/SamikshyaS/loadTest,websiteurl.js,yes,,0,,0,,0,,1,3:14
SamikshyaS/loadTest,https://github.com/SamikshyaS/loadTest,assetsProfile.js,yes,,0,,0,,0,,1,4:14
HugoBouttes/poc-queen-mongodb,https://github.com/HugoBouttes/poc-queen-mongodb,Scripts/script9.js,yes,,0,,0,,7,73:17; 81:18; 88:18; 101:20; 143:25; 153:24; 163:24,1,7:14
meownguyen1104/PerformanceTest,https://github.com/meownguyen1104/PerformanceTest,Learning/LessonTest.js,yes,,0,,1,9:1,0,,1,4:14
Saikomes/TestProjects,https://github.com/Saikomes/TestProjects,k6/outdatedScripts/withJSON90.js,yes,,0,,0,,14,110:21; 112:3; 116:3; 133:14; 285:21; 286:7; 291:8; 404:21; 406:6; 410:3; 480:22; 483:8; 487:7; 698:20,1,15:14
Altinn/altinn-platform-validation-tests,https://github.com/Altinn/altinn-platform-validation-tests,K6/browser/systemUser/clientDelegation.js,yes,,0,,0,,1,181:13,1,10:14
Altinn/altinn-platform-validation-tests,https://github.com/Altinn/altinn-platform-validation-tests,K6/api/building_blocks/auth/systemRegister/updateRightsVendorSystemRegister.js,yes,,0,,0,,0,,0,
getBlackBadge/3rd-concert,https://github.com/getBlackBadge/3rd-concert,scripts/script2-3.js,yes,,0,,1,23:1,0,,1,5:12
sourcegraph/k6,https://github.com/sourcegraph/k6,scripts/stress.js,yes,,2,22:20; 22:31,0,,3,69:19; 73:19; 83:28,1,24:14
quantlibjs/test-suite,https://github.com/quantlibjs/test-suite,dates.mjs,yes,,0,,0,,0,,0,
lucifer3618/next-dev,https://github.com/lucifer3618/next-dev,synthetic-monitoring/k6-monitoring/api-check.js,yes,,0,,0,,2,44:22; 103:28,0,
nadiaalnd/Performance-Test-Adameds-V3,https://github.com/nadiaalnd/Performance-Test-Adameds-V3,src/admisi/igd/regist/Stress.js,yes,,0,,0,,0,,1,4:14
nadiaalnd/Performance-Test-Adameds-V3,https://github.com/nadiaalnd/Performance-Test-Adameds-V3,src/laporan-general/pendapatan/GetReportPendapatan.js,yes,,0,,1,56:1,0,,1,4:14
nadiaalnd/Performance-Test-Adameds-V3,https://github.com/nadiaalnd/Performance-Test-Adameds-V3,src/admisi/igd/update/UpdateIgd.js,yes,,0,,0,,0,,0,
DFE-Digital/academies-api,https://github.com/DFE-Digital/academies-api,Dfe.Academies.Performance/scripts/v1/keyStagePerformance.js,yes,,0,,0,,0,,0,
Meldiron/appwrite-functions-benchmark,https://github.com/Meldiron/appwrite-functions-benchmark,functions-stress/dumpsterTheServer.js,yes,,1,18:22,0,,5,22:30; 46:29; 48:15; 64:27; 80:30,0,
gabrielstar/k6training,https://github.com/gabrielstar/k6training,008_cookies_gson/04_odpowiedz.js,yes,,0,,0,,6,11:17; 13:5; 14:5; 16:5; 25:15; 27:5,0,
jeromeguillaume/kong-plugin-soap-xml-handling,https://github.com/jeromeguillaume/kong-plugin-soap-xml-handling,loadtesting/k6/scen0.js,yes,,0,,0,,0,,1,9:14
Icf22/k6,https://github.com/Icf22/k6,Eglobal/Log-AutPOS.js,yes,,0,,1,4:1,0,,0,
fujiwara/sfn-dist-k6,https://github.com/fujiwara/sfn-dist-k6,simple.js,yes,,0,,0,,0,,0,
YevhenVieskov/k6-dynamic-pods,https://github.com/YevhenVieskov/k6-dynamic-pods,script.js,yes,,0,,1,6:1,0,,0,
inspire12/inspire12-api,https://github.com/inspire12/inspire12-api,loadtest/singlerequest.js,yes,,0,,0,,0,,0,
Jacqueline-Tsai/code-autograder-web-app,https://github.com/Jacqueline-Tsai/code-autograder-web-app,k6/loading_assignment.js,yes,,0,,0,,0,,1,4:12
leo-badell/K6-course,https://github.com/leo-badell/K6-course,Using_Parameters/random-sleep.js,yes,,0,,1,10:1,0,,1,5:14
pryzmian/ScuttleCrab,https://github.com/pryzmian/ScuttleCrab,Commands/LoL/build.js,yes,,11,1:17; 2:22; 3:21; 7:5; 9:15; 10:15; 11:19; 12:28; 13:24; 14:16; 21:5,0,,0,,0,
Hyperspace-Metaverse/xk6-socketio,https://github.com/Hyperspace-Metaverse/xk6-socketio,examples/advanced.js,yes,,0,,0,,10,10:3; 14:3; 18:3; 22:3; 26:3; 30:3; 35:5; 42:3; 44:5; 54:3,0,
webdevtodayjason/context-forge,https://github.com/webdevtodayjason/context-forge,src/generators/prp.ts,yes,,0,,0,,0,,0,
tgskyline/performancetest-k6,https://github.com/tgskyline/performancetest-k6,02-cenarios/constant-vus.js,yes,,0,,1,18:1,0,,1,8:14
tgskyline/performancetest-k6,https://github.com/tgskyline/performancetest-k6,02-cenarios/per-vu-interations.js,yes,,0,,1,21:1,0,,1,10:14
ohsu-comp-bio/load-testing,https://github.com/ohsu-comp-bio/load-testing,login.js,yes,,0,,0,,0,,0,
SyBeRGEN/web_tours_k6_test,https://github.com/SyBeRGEN/web_tours_k6_test,utils/httpClient.js,yes,,0,,0,,3,12:19; 15:19; 21:5,0,
gabrielnascimento2048/k6_pipeline_azure_devOps,https://github.com/gabrielnascimento2048/k6_pipeline_azure_devOps,scenarios/script.js,yes,,0,,0,,0,,0,
flyaruu/rust-super-heroes,https://github.com/flyaruu/rust-super-heroes,high.js,yes,,0,,0,,0,,1,5:14
al03022140/devops-web-app,https://github.com/al03022140/devops-web-app,scripts/k6/login-and-list.js,yes,,0,,0,,2,19:20; 32:21,0,
dongnguyenduybang/k6-report,https://github.com/dongnguyenduybang/k6-report,revoke-dm-message-reaction/revoke-dm-message-reaction.k6.js,yes,,4,9:22; 10:17; 12:23; 13:18,0,,0,,1,39:14
dongnguyenduybang/k6-report,https://github.com/dongnguyenduybang/k6-report,get-pinned-dm-message/get-pinned-dm-message.k6.js,yes,,4,9:22; 10:17; 12:23; 13:18,0,,0,,1,31:14
dongnguyenduybang/k6-report,https://github.com/dongnguyenduybang/k6-report,get-user-by-username/get-user-by-username.k6.js,yes,,4,9:22; 10:17; 12:23; 13:18,0,,0,,1,39:14
mitelute/10-40,https://github.com/mitelute/10-40,BULoadTest.js,yes,,0,,0,,0,,1,4:12
ydarias/xk6-nats,https://github.com/ydarias/xk6-nats,examples/withHeaders.js,yes,,0,,0,,0,,0,
rancher/dartboard,https://github.com/rancher/dartboard,k6/schemas/verify_schema_definitions.js,yes,,0,,0,,2,219:5; 260:5,0,
tianling0625/W255repo,https://github.com/tianling0625/W255repo,main/labs/project/load.js,yes,,0,,0,,2,46:21; 52:25,0,
aquonAttheHub/data-science-2023-2024,https://github.com/aquonAttheHub/data-science-2023-2024,Machine_Learning_Engineering/PyTorch_FastAPI_Project/load.js,yes,,0,,0,,0,,0,
allcleardev/performance-tests,https://github.com/allcleardev/performance-tests,src/modules/check.js,yes,,0,,0,,0,,0,
Napat/k6_loadtest,https://github.com/Napat/k6_loadtest,01_basic_k6/01_get.js,yes,,0,,1,4:1,0,,0,
davidlimacardoso/k6-multi-load-tests,https://github.com/davidlimacardoso/k6-multi-load-tests,src/scenarios/fakestore/fakestore_product_to_cart.js,yes,,0,,0,,5,35:21; 44:9; 56:21; 67:9; 79:20,0,
davidlimacardoso/k6-multi-load-tests,https://github.com/davidlimacardoso/k6-multi-load-tests,src/scenarios/jsonplaceholder/jsonplaceholder_del_post.js,yes,,0,,0,,0,,0,
DishaKhilari/LeonardoAi,https://github.com/DishaKhilari/LeonardoAi,src/K6/loadtest.js,yes,,0,,0,,0,,1,4:14
UKHO/erp-facade,https://github.com/UKHO/erp-facade,Performance Script/Scripts/S100/S100WebhookLoadTestWith2rps.js,yes,,14,8:14; 8:25; 10:25; 10:36; 11:26; 11:37; 12:30; 12:41; 14:29; 14:40; 15:30; 15:41; 16:34; 16:45,0,,0,,0,
nexoqa/nexoqa_training_eng_adv_k6,https://github.com/nexoqa/nexoqa_training_eng_adv_k6,k6/template.js,yes,,0,,0,,0,,0,
up2code/demo-dev-container,https://github.com/up2code/demo-dev-container,spring-boot/k6/perf_api_post_events.js,yes,,0,,0,,0,,1,4:12
VladislavSMI/vs-eshop,https://github.com/VladislavSMI/vs-eshop,perf/k6-basic.js,yes,,0,,1,10:1,0,,1,5:14
Ranj0z/Events-Ticketing-System,https://github.com/Ranj0z/Events-Ticketing-System,Performance/Breakpoint/event.get.breakpoint.ts,yes,,0,,0,,0,,0,
fernandoescolar/xk6-azservicebus,https://github.com/fernandoescolar/xk6-azservicebus,examples/queue_single_string_message.js,yes,,0,,0,,0,,0,
skursatToklucu/LoadProbe,https://github.com/skursatToklucu/LoadProbe,smoke.js,yes,,0,,1,12:1,0,,0,
Umbra-Team/Umbra,https://github.com/Umbra-Team/Umbra,load-testing/api-crud-operations-k6.js,yes,,0,,1,51:1,5,61:15; 81:28; 94:18; 111:28; 123:28,1,4:14
hr-rfp55-sdc2-cucco/Project-Atelier-Reviews-API,https://github.com/hr-rfp55-sdc2-cucco/Project-Atelier-Reviews-API,k6/scripts/reportReview.js,yes,,0,,0,,0,,0,
sf1tzp/symbology,https://github.com/sf1tzp/symbology,infra/testing/coverage.ts,yes,,0,,0,,0,,0,
byounghoon95/concert-ticketing,https://github.com/byounghoon95/concert-ticketing,k6/totalTest.js,yes,,0,,0,,6,67:13; 79:15; 90:13; 105:15; 128:13; 149:13,1,9:14
priyanshuagrawal17/multi-vendor-service,https://github.com/priyanshuagrawal17/multi-vendor-service,loadtest/loadtest.js,yes,,0,,0,,2,18:19; 23:19,1,4:12
arn-ob/script-load-testing,https://github.com/arn-ob/script-load-testing,specs/testing_v1/catalog-service/catalog-service-recommendations.js,yes,,0,,0,,0,,1,5:12
arn-ob/script-load-testing,https://github.com/arn-ob/script-load-testing,specs/others/login.js,yes,,1,15:17,0,,2,51:28; 73:28,1,20:12
fahrialfan/Calculate-Payroll-with-API-Published,https://github.com/fahrialfan/Calculate-Payroll-with-API-Published,loginPublic.js,yes,,0,,0,,0,,0,
saimanikumar67/k6_scripts_testing,https://github.com/saimanikumar67/k6_scripts_testing,k6_postman/k6_cpu_mem_responsetime.js,yes,,0,,1,31:17,0,,0,
dota2classic/public-api-gateway,https://github.com/dota2classic/public-api-gateway,benchmarks.js,yes,,0,,1,8:1,0,,1,4:14
jwcastillo/0_to_100_k6,https://github.com/jwcastillo/0_to_100_k6,challengues/ecommerce/base.js,yes,,0,,0,,12,30:16; 39:16; 51:16; 60:16; 77:16; 86:16; 100:16; 131:16; 162:16; 193:16; 226:18; 236:18,1,5:14
VladisSuh/StartupPCConfigurator,https://github.com/VladisSuh/StartupPCConfigurator,scripts/config-flow.js,yes,,0,,0,,2,40:17; 49:18,0,
SolidMaster568/voluntarily-mern,https://github.com/SolidMaster568/voluntarily-mern,x/perf/k6/api_health.js,yes,,0,,0,,0,,0,
bcwilsondotcom/nx-monorepo-template,https://github.com/bcwilsondotcom/nx-monorepo-template,tools/performance/api-load.js,yes,,0,,0,,9,127:28; 155:29; 176:32; 206:26; 223:28; 239:32; 264:28; 292:29; 304:30,1,27:14
cortezalberto/pruebaMar,https://github.com/cortezalberto/pruebaMar,spike_testing.js,yes,,0,,0,,0,,1,5:14
Hanumansai72/Backend,https://github.com/Hanumansai72/Backend,api/models/email.js,yes,,0,,1,9:1,0,,1,4:12
matejuh/demo-gateway,https://github.com/matejuh/demo-gateway,perf/docker.js,yes,,0,,1,6:1,0,,0,
vicvalicelle/quality-assurance,https://github.com/vicvalicelle/quality-assurance,Sprint_6/TesteK6/Cenarios/Produto/StressTest.js,yes,,0,,0,,0,,0,
ittipol/CICD-GitOps-Observability,https://github.com/ittipol/CICD-GitOps-Observability,k6/scripts/type/soak_testing.js,yes,,0,,0,,0,,1,5:14
blackboxprogramming/blackroad-prism-console,https://github.com/blackboxprogramming/blackroad-prism-console,load/k6_smoke.js,yes,,0,,0,,0,,1,3:14
CryptoJym/ai-agent-village-monitor,https://github.com/CryptoJym/ai-agent-village-monitor,packages/server/load/k6-http.js,yes,,0,,0,,5,33:18; 37:20; 42:17; 43:15; 48:16,1,4:14
gthaka/k6-basic-auth-sample,https://github.com/gthaka/k6-basic-auth-sample,script.js,yes,,0,,0,,0,,0,
bcgov/common-object-management-service,https://github.com/bcgov/common-object-management-service,k6/searchObject.js,yes,,0,,0,,0,,0,
vitingr/educational-api,https://github.com/vitingr/educational-api,k6/finished-weekly-plans/index.ts,yes,,0,,0,,0,,0,
pdellaert/fbw-aircraft-git-lfs,https://github.com/pdellaert/fbw-aircraft-git-lfs,fbw-a380x/src/systems/fmgc/src/flightplanning/new/segments/enroute/WaypointLoading.spec.ts,yes,,0,,0,,0,,0,
Themba47622/k6-load-testing-example,https://github.com/Themba47622/k6-load-testing-example,scripts/Example2.js,yes,,0,,0,,2,9:3; 9:9,0,
sidharthv96/tambola,https://github.com/sidharthv96/tambola,k6.js,yes,,0,,0,,0,,1,4:12
gpiechnik2/k6-boilerplate,https://github.com/gpiechnik2/k6-boilerplate,scripts/wyszukiwanie-artykulu.js,yes,,0,,0,,4,45:14; 66:14; 77:16; 78:14,0,
adhirajkinlekar/docker-tools,https://github.com/adhirajkinlekar/docker-tools,KIB/k6/load.js,yes,,0,,0,,0,,1,6:12
zackerms/k6-playground,https://github.com/zackerms/k6-playground,k6/soak.js,yes,,0,,0,,2,31:17; 41:27,0,
wy8162/study-ktor,https://github.com/wy8162/study-ktor,perf/k6perf.js,yes,,0,,0,,0,,1,4:12
NashTech-Labs/grafana-k6,https://github.com/NashTech-Labs/grafana-k6,Tags and Group/group.js,yes,,0,,0,,2,8:3; 11:15,0,
joatmon08/spinnaker-consul,https://github.com/joatmon08/spinnaker-consul,k6/script.js,yes,,0,,0,,0,,1,3:12
clusterspace-io/SuperQueue,https://github.com/clusterspace-io/SuperQueue,loadtest/swarm.js,yes,,0,,0,,3,15:16; 31:17; 45:21,1,4:14
duyhuynh14/vendure,https://github.com/duyhuynh14/vendure,packages/dev-server/load-testing/scripts/search-and-checkout.js,yes,,0,,0,,0,,1,13:12
PraveenAsthana123/playtest,https://github.com/PraveenAsthana123/playtest,perf/k6-smoke.js,yes,,0,,0,,8,126:24; 146:24; 170:31; 181:29; 209:25; 255:32; 286:32; 312:26,0,
carlbray/mountebank,https://github.com/carlbray/mountebank,mbTest/perf/loadTest.js,yes,,0,,0,,0,,0,
ibnc/mountebankMongo,https://github.com/ibnc/mountebankMongo,test/perf/loadTest.js,yes,,0,,0,,0,,0,
CrispinManda/Talky-the-Project.,https://github.com/CrispinManda/Talky-the-Project.,backend/src/k6_performance/smoketest.js,yes,,0,,1,12:1,0,,0,
ljvillarrealv/grafanak6,https://github.com/ljvillarrealv/grafanak6,k6/json_external/external-json-initial.js,yes,,0,,0,,2,11:15; 25:11,0,
skgmfbs/ItHink,https://github.com/skgmfbs/ItHink,k6example/example/external-json-initial.js,yes,,0,,0,,2,11:15; 25:11,0,
milind1213/MG-BDD,https://github.com/milind1213/MG-BDD,tests/performance/data-external-initial.js,yes,,0,,0,,2,11:15; 25:11,0,
LariGTonetto/QAm28,https://github.com/LariGTonetto/QAm28,requests/products.request.js,yes,,0,,0,,0,,0,
MateusNeres26/EBAC-QA,https://github.com/MateusNeres26/EBAC-QA,Mod28/requests/products.request.js,yes,,0,,0,,0,,0,
ngatiamwai/Shoppie,https://github.com/ngatiamwai/Shoppie,Shopify-backend/K6/breakpointTest.js,yes,,0,,1,12:1,0,,1,4:14
bcgov/nr-epd-digital-services,https://github.com/bcgov/nr-epd-digital-services,comsapi/k6/searchObject.js,yes,,0,,0,,0,,0,
aoife-egan/test-vendure-store,https://github.com/aoife-egan/test-vendure-store,packages/dev-server/load-testing/scripts/search-and-checkout.js,yes,,0,,0,,0,,1,13:12
any4ai/AnyCrawl,https://github.com/any4ai/AnyCrawl,scripts/k6.js,yes,,0,,0,,0,,0,
bcgov/healthgateway,https://github.com/bcgov/healthgateway,Testing/k6/covid/federalpvc/k6_pvcpdf.js,yes,,0,,1,36:1,6,41:5; 41:30; 45:33; 50:24; 76:24; 105:20,0,
buildfarm/buildfarm,https://github.com/buildfarm/buildfarm,contrib/k6/missingblobs.js,yes,,0,,0,,0,,0,
voluntarily/vly2,https://github.com/voluntarily/vly2,x/perf/k6/api_people.js,yes,,0,,0,,0,,0,
jembi/openhim-core-js,https://github.com/jembi/openhim-core-js,performance/transactionsWithoutFilters.js,yes,,0,,0,,0,,0,
lemonadesocial/lemonade-metaverse,https://github.com/lemonadesocial/lemonade-metaverse,scripts/k6/query.js,yes,,0,,0,,0,,0,
ardalis/DotNetDataAccessTour,https://github.com/ardalis/DotNetDataAccessTour,k6/simple.js,yes,,0,,1,4:1,0,,0,
hyperledger-labs/splice,https://github.com/hyperledger-labs/splice,load-tester/src/client/http.ts,yes,,0,,0,,0,,0,
ReviewSignal/k6-WordPress-benchmarks,https://github.com/ReviewSignal/k6-WordPress-benchmarks,loadstorm.js,yes,,0,,0,,12,126:26; 143:38; 146:17; 172:26; 190:38; 193:17; 231:28; 273:38; 276:17; 308:28; 325:42; 328:21,1,40:14
deas/satrn,https://github.com/deas/satrn,assets/sample-k6.js,yes,,0,,0,,0,,0,
FIAP/POSTECH_SOAT_SoftwareArchitecture_ClassExample,https://github.com/FIAP/POSTECH_SOAT_SoftwareArchitecture_ClassExample,teste-de-carga/index.js,yes,,0,,1,9:1,0,,1,4:14
rpp36-sdc-bit/rpp36-shiwei-questions-and-answers,https://github.com/rpp36-sdc-bit/rpp36-shiwei-questions-and-answers,k6/putQuestionHelpful.js,yes,,0,,0,,0,,0,
BrianCLong/summit,https://github.com/BrianCLong/summit,load/k6/api.js,yes,,0,,0,,0,,1,3:14
WinnerOleg/ChessProfi,https://github.com/WinnerOleg/ChessProfi,testing-strategy.ts,yes,,0,,0,,0,,0,
matsilva/whisper,https://github.com/matsilva/whisper,examples/server/bench.js,yes,,1,17:17,0,,2,21:21; 27:15,1,4:12
JeonNewJin/concert-reservation-service,https://github.com/JeonNewJin/concert-reservation-service,docker/k6/scripts/get-concert-schedules.js,yes,,0,,0,,0,,1,4:12
previousnext/k6-starterkit,https://github.com/previousnext/k6-starterkit,src/scenarios/search.js,yes,,0,,0,,0,,0,
maximilianoalves/k6-arch-example,https://github.com/maximilianoalves/k6-arch-example,src/requests/products.request.js,yes,,0,,0,,3,21:20; 44:20; 61:20,0,
firmansyah-github/quarkus-generated-test,https://github.com/firmansyah-github/quarkus-generated-test,src/main/k6/factor.articles.k6.collection.js,yes,,0,,0,,14,416:7; 421:7; 482:7; 487:7; 548:7; 553:7; 615:7; 620:7; 681:7; 686:7; 747:7; 752:7; 813:7; 818:7,1,15:12
arbak/k6-test,https://github.com/arbak/k6-test,api_k6.js,yes,,2,7:22; 10:3,0,,1,49:17,0,
shamir92/go-boilerplate,https://github.com/shamir92/go-boilerplate,tools/qa/load/ping_usecase.js,yes,,0,,1,13:1,0,,1,4:14
laszlo-igaz-ah/cloudx-java-developer,https://github.com/laszlo-igaz-ah/cloudx-java-developer,k6/sudden-spike-web-app-petstoreapp.js,yes,,0,,1,12:1,5,13:5; 15:5; 17:5; 19:5; 21:5,1,4:12
almeidas-tatiane/K6,https://github.com/almeidas-tatiane/K6,src/crocodiles/simulations/crocodiles_SpikeTest.js,yes,,0,,0,,0,,0,
Atelier-SystemDesign/products-system-1,https://github.com/Atelier-SystemDesign/products-system-1,k6/product.js,yes,,0,,0,,0,,1,4:14
algotouch/algotouch-app,https://github.com/algotouch/algotouch-app,load-testing/k6/auth.js,yes,,0,,0,,2,20:20; 46:24,0,
sheikhshack/openrainbow-poc-50.003,https://github.com/sheikhshack/openrainbow-poc-50.003,SystemTests/loadtests/k6testing/sequentialtest.js,yes,,0,,1,78:1,5,60:15; 73:16; 101:23; 113:20; 138:19,0,
Dev0071/shopie,https://github.com/Dev0071/shopie,backend/k6/loadtesting/product.js,yes,,0,,0,,2,15:31; 17:5,1,6:14
wildananugrah/belajar,https://github.com/wildananugrah/belajar,others1/day2/k6/src/script.js,yes,,0,,0,,9,19:23; 25:20; 47:25; 55:24; 59:28; 63:25; 70:21; 74:25; 78:25,0,
sunnynaik/k6_demo,https://github.com/sunnynaik/k6_demo,searchapt.js,yes,,0,,0,,7,31:16; 50:5; 54:16; 75:18; 97:7; 112:18; 134:7,0,
kjspo56/roma-board,https://github.com/kjspo56/roma-board,backend/scripts/sample.js,yes,,0,,1,20:1,0,,1,4:14
andrejarmen751/myshell,https://github.com/andrejarmen751/myshell,modules/docker/k6/scripts/snapt/snapt.js,yes,,0,,1,12:1,0,,1,4:14
estebandonis/ProyectoFinal-IngenieriaDeSoftware-backend,https://github.com/estebandonis/ProyectoFinal-IngenieriaDeSoftware-backend,funcionalTesting/loadTest.js,yes,,0,,1,21:1,0,,0,
grafana/xk6-loki,https://github.com/grafana/xk6-loki,examples/custom-labels.js,yes,,0,,0,,2,27:3; 40:5,1,8:14
marinagiaquinto/k6,https://github.com/marinagiaquinto/k6,modulo_4/aula_24_ex1.js,yes,,0,,0,,0,,0,
marinagiaquinto/k6,https://github.com/marinagiaquinto/k6,modulo_4/aula_23_ex1.js,yes,,0,,0,,0,,1,11:14
algonacci/k6-demo,https://github.com/algonacci/k6-demo,src/api-testing-demo/scenarios.js,yes,,0,,0,,0,,1,5:14
suratinkru/testLoadNodejs,https://github.com/suratinkru/testLoadNodejs,k6testget.js,yes,,0,,1,4:1,0,,0,
rzenkov/perfplayground,https://github.com/rzenkov/perfplayground,jpa-user-with-work-parallel.js,yes,,0,,0,,0,,0,
Anitasilvi/performance_testing,https://github.com/Anitasilvi/performance_testing,src/stages.js,yes,,0,,1,12:1,0,,1,4:14
Tanakaryuki/FastAPI_OAuth2,https://github.com/Tanakaryuki/FastAPI_OAuth2,script.js,yes,,0,,0,,5,59:3; 62:3; 66:3; 69:3; 74:3,1,6:14
poncoe/berandalanjenius-k6test,https://github.com/poncoe/berandalanjenius-k6test,berandalanjenius-loadtest.js,yes,,0,,0,,0,,0,
spotifeye/album-player,https://github.com/spotifeye/album-player,k6/script.js,yes,,0,,0,,0,,1,7:12
rpp33-sdc-iris/reviews,https://github.com/rpp33-sdc-iris/reviews,server/k6-testing/get-reviews.js,yes,,0,,1,17:1,0,,1,4:14
jpandof/sinfon-ia,https://github.com/jpandof/sinfon-ia,src/data/agents.ts,yes,,0,,0,,0,,0,
tielefernandes/cursos-rapidos-2023,https://github.com/tielefernandes/cursos-rapidos-2023,K6/teste2.js,yes,,0,,1,7:1,0,,1,3:14
AratiGole/serversage,https://github.com/AratiGole/serversage,application-files/spring-boot-with-otel-agent-SS/k6-script.js,yes,,0,,0,,5,10:7; 12:9; 14:11; 15:11; 17:9,0,
petechain23/K6,https://github.com/petechain23/K6,01-Practices/login_sample.js,yes,,0,,0,,4,149:18; 151:7; 166:24; 179:22,1,64:14
petechain23/K6,https://github.com/petechain23/K6,01-Practices/TestLifeCycle/bbb.js,yes,,0,,1,23:17,0,,1,11:14
petechain23/K6,https://github.com/petechain23/K6,05-OMNI_Modularize_2/draft/orders_invoice.js,yes,,0,,0,,0,,0,
nguyenluunhatminh02/booking_project,https://github.com/nguyenluunhatminh02/booking_project,src/modules/booking/bookings.service.spec.ts,yes,,0,,0,,0,,0,
kimdh-hi/spring-study,https://github.com/kimdh-hi/spring-study,spring-http-client/openfeign/k6.js,yes,,0,,1,9:1,0,,1,4:14
jembi/JeMPI,https://github.com/jembi/JeMPI,devops/benchmarking/api-read.js,yes,,0,,0,,0,,0,
hatena75/ProxyVerifier_QVS,https://github.com/hatena75/ProxyVerifier_QVS,k6/script_genCSR.js,yes,,0,,1,14:1,0,,1,4:14
MadhukarMoogala/ReadDWG,https://github.com/MadhukarMoogala/ReadDWG,LoadTesting/business-hours.js,yes,,0,,1,26:1,3,31:23; 32:15; 41:27,1,9:12
matulai/PDES-2025C1-STC,https://github.com/matulai/PDES-2025C1-STC,k6/register-clients.js,yes,,0,,0,,0,,1,10:14
AdrianLThomas/presentations,https://github.com/AdrianLThomas/presentations,slides/load-testing-with-k6/scripts/delays-and-errors-example.js,yes,,0,,1,12:1,0,,0,
Qwitter/Qwitter-Testing,https://github.com/Qwitter/Qwitter-Testing,Stress/scripts/auth/username-suggestions.js,yes,,0,,0,,0,,1,9:12
JamesGrant1811/k6-udemy,https://github.com/JamesGrant1811/k6-udemy,custom-tags.js,yes,,0,,0,,2,19:15; 30:11,0,
blueswen/pycon-tw-2024-python-observability,https://github.com/blueswen/pycon-tw-2024-python-observability,k6-script.js,yes,,0,,0,,0,,0,
blueswen/pycon-tw-2024-python-observability,https://github.com/blueswen/pycon-tw-2024-python-observability,k6-script-todo.js,yes,,0,,0,,5,44:27; 49:5; 63:9; 66:9; 69:9,0,
nguyenxvotanminh3/classroom-microservice-project,https://github.com/nguyenxvotanminh3/classroom-microservice-project,k6-scripts/6dcb2383-e1f3-4ba2-a8a0-ce6756a933b5.js,yes,,0,,0,,0,,1,4:12
dgzlopes/kv,https://github.com/dgzlopes/kv,example.js,yes,,0,,0,,0,,1,6:12
Pratikisback/LoadtestingApiBackend,https://github.com/Pratikisback/LoadtestingApiBackend,loadTest.js,yes,,0,,1,10:13,0,,1,5:26
fuji-184/F_Boom,https://github.com/fuji-184/F_Boom,tes/1.js,yes,,0,,0,,0,,1,4:14
cbos/application-observability-code-challenges,https://github.com/cbos/application-observability-code-challenges,challenge-01/k6/simpleload.js,yes,,0,,1,9:1,0,,1,3:14
charlyautomatiza/k6-performance-360,https://github.com/charlyautomatiza/k6-performance-360,src/browser.js,yes,,0,,0,,0,,0,
uzura8/continify,https://github.com/uzura8/continify,serverless/develop/performance/post_detail-sample.js,yes,,0,,0,,2,17:16; 19:16,0,
SeedCodeSv/seedcode-dulce-tentacion-admin,https://github.com/SeedCodeSv/seedcode-dulce-tentacion-admin,src/pages/excel/generate_excel.ts,yes,,0,,0,,0,,0,
alfarisg34/Tugas-Bootcamp-QA,https://github.com/alfarisg34/Tugas-Bootcamp-QA,12. Learn K6/main.js,yes,,0,,0,,9,37:16; 48:16; 67:16; 89:17; 94:27; 95:30; 102:17; 107:19; 108:22,0,
pwllxqc/amelichka,https://github.com/pwllxqc/amelichka,loadtest.js,yes,,0,,0,,2,19:13; 28:13,0,
SCGGB/n8n,https://github.com/SCGGB/n8n,packages/@n8n/benchmark/scenarios/multiple-webhooks/multiple-webhooks.script.js,yes,,0,,0,,2,11:14; 15:3,0,
srinikethag/sampleK6testProject,https://github.com/srinikethag/sampleK6testProject,basicConceptTests/breakpointTest.js,yes,,0,,0,,0,,0,
ApdexOne/grafana-prometheus,https://github.com/ApdexOne/grafana-prometheus,script/script.js,yes,,0,,0,,0,,1,4:14
nirmala-c-m/k6-Influx-Grafana_Integration,https://github.com/nirmala-c-m/k6-Influx-Grafana_Integration,02_Http_GetAndpostMethods.js,yes,,0,,1,16:1,2,19:17; 26:16,0,
guilleWR/MantenimientoUMA2324,https://github.com/guilleWR/MantenimientoUMA2324,practica8/LoginTest.js,yes,,0,,0,,0,,0,
jorgechato/restaurant-api,https://github.com/jorgechato/restaurant-api,client/main.js,yes,,0,,0,,2,82:30; 85:19,1,14:14
Predrag/loadApiTesting,https://github.com/Predrag/loadApiTesting,loadTesty.js,yes,,0,,0,,0,,1,5:14
getcord/cord,https://github.com/getcord/cord,ops/aws/src/radical-stack/ec2/zero.ts,yes,,0,,0,,0,,0,
EduardoRei/TCC-Monolito-Para-Microsservicos,https://github.com/EduardoRei/TCC-Monolito-Para-Microsservicos,Ecommerce/Testes/Microsservico/MicrosservicoStressTest.js,yes,,0,,0,,2,52:25; 63:26,0,
usesofia/research-golang-and-postgres-performance,https://github.com/usesofia/research-golang-and-postgres-performance,populate.js,yes,,0,,0,,3,38:24; 138:24; 178:24,1,5:14
QAInsights/Learn-k6-Series,https://github.com/QAInsights/Learn-k6-Series,helloWorld/hello.js,yes,,0,,1,11:1,0,,1,5:12
ukaranderohit/k6,https://github.com/ukaranderohit/k6,19_http_post.js,yes,,0,,0,,0,,0,
ukaranderohit/k6,https://github.com/ukaranderohit/k6,26_random_sleep.js,yes,,0,,1,13:1,0,,1,8:14
CoCreate-app/CoCreate-loadtest,https://github.com/CoCreate-app/CoCreate-loadtest,http_post.js,yes,,0,,0,,0,,1,4:12
ryojp/kubernetes-hpa-demo,https://github.com/ryojp/kubernetes-hpa-demo,loadtest.js,yes,,0,,0,,0,,1,4:14
somospragma/qa-performance-k6,https://github.com/somospragma/qa-performance-k6,reqres_get.js,yes,,0,,1,11:1,0,,1,6:14
jyasuu/rs-benchmark,https://github.com/jyasuu/rs-benchmark,postgres.k6.js,yes,,0,,0,,0,,1,4:14
janzolini/k6-performance-test,https://github.com/janzolini/k6-performance-test,src/requests/getCrocodiles.request.js,yes,,0,,0,,2,15:26; 26:26,0,
ikhszy/K6,https://github.com/ikhszy/K6,GoREST/Basics/POST_posts.js,yes,,0,,0,,2,18:17; 40:17,0,
digitalemil/thegymallinone,https://github.com/digitalemil/thegymallinone,k6/sensitive.js,yes,,0,,1,13:1,0,,0,
kwishna/Grafana-K6-performance-test,https://github.com/kwishna/Grafana-K6-performance-test,src/course-tutorial/code--001.js,yes,,0,,1,4:1,0,,0,
trufflehq/truffle-packages,https://github.com/trufflehq/truffle-packages,examples/song-suggestions/backend/scripts/vote-load.js,yes,,0,,0,,3,35:15; 36:17; 51:3,0,
ntt-dkiku/chaos-eater,https://github.com/ntt-dkiku/chaos-eater,results/gpt-4o-2024-08-06-nginx-1/unittest_ServiceAvailabilityNginxServiceYaml_mod0.js,yes,,0,,0,,0,,0,
matipaulo/Demos,https://github.com/matipaulo/Demos,LoadTests/LoadTests.Api/load.js,yes,,0,,0,,0,,0,
rpp33-sdc-daisy/products-service,https://github.com/rpp33-sdc-daisy/products-service,k6.script.js,yes,,0,,1,18:1,0,,1,5:14
tphummel/CaNFlySLO,https://github.com/tphummel/CaNFlySLO,k6/local-e2e.js,yes,,0,,0,,5,7:16; 12:17; 17:23; 27:18; 34:18,0,
invest-ex/chart_module,https://github.com/invest-ex/chart_module,stressTesters/script.js,yes,,0,,0,,0,,0,
amzadchoudhary/K6-Scripts,https://github.com/amzadchoudhary/K6-Scripts,login.js,yes,,0,,1,4:1,2,13:31; 35:31,0,
goafabric/example-konstruction-kit,https://github.com/goafabric/example-konstruction-kit,doc/loadtest/invoice.js,yes,,0,,1,13:1,0,,1,6:14
timpamungkasudemy/ai-assisted-testing-k6,https://github.com/timpamungkasudemy/ai-assisted-testing-k6,k6/007-tags/ai/ai-tags-05.js,yes,,0,,1,19:1,3,21:5; 25:5; 29:5,0,
timpamungkasudemy/ai-assisted-testing-k6,https://github.com/timpamungkasudemy/ai-assisted-testing-k6,k6/004-working-with-http/ai/ai-http-get-two.js,yes,,0,,1,7:1,0,,0,
zdrgeo/bulk-data-collector,https://github.com/zdrgeo/bulk-data-collector,grafana/k6/collector.js,yes,,0,,0,,0,,1,107:14
annisam23/Task5_QA_AnnisaM,https://github.com/annisam23/Task5_QA_AnnisaM,integrationTest/update.js,yes,,0,,0,,0,,0,
loopers-bootcamp/e-commerce,https://github.com/loopers-bootcamp/e-commerce,k6/api/v1/products/search-products.js,yes,,0,,0,,0,,1,19:14
somatechlat/somaagent01,https://github.com/somatechlat/somaagent01,scripts/loadtest_k6.js,yes,,0,,0,,0,,1,4:12
truonghd113hd/testCI,https://github.com/truonghd113hd/testCI,scripts/authFlow.js,yes,,0,,0,,1,218:17,0,
hangocmy/performance-testing-with-k6-udemy,https://github.com/hangocmy/performance-testing-with-k6-udemy,first-scripts.js,yes,,0,,1,9:1,0,,1,4:14
Zhao-Hansi/K6-test-demo,https://github.com/Zhao-Hansi/K6-test-demo,script.js,yes,,0,,0,,0,,1,17:14
joanlopez/xk6-aws,https://github.com/joanlopez/xk6-aws,examples/s3.js,yes,,0,,0,,4,20:2; 28:2; 35:2; 44:2,0,
vKrypto/testing-stack,https://github.com/vKrypto/testing-stack,api-load-testing/k6-grafana/k6/run_docker.js,yes,,0,,0,,0,,1,5:12
edugbau/Mantenimiento2025,https://github.com/edugbau/Mantenimiento2025,Practica7/pruebasCarga/breakpointTest_executor.js,yes,,0,,0,,0,,0,
duongnv129/ory-self-hosted,https://github.com/duongnv129/ory-self-hosted,keto-zanziban-multi-tenancy-rbac-per-resource/loadtest/k6/scenarios/scenario3-resource-scaling.js,yes,,0,,0,,1,320:5,0,
Spaceona/backend-go,https://github.com/Spaceona/backend-go,loadtesting/hourTest.js,yes,,0,,0,,4,23:22; 45:18; 64:26; 75:23,0,
Zerokoinhub/app-backend,https://github.com/Zerokoinhub/app-backend,loadtest.js,yes,,0,,0,,0,,1,4:14
drumont/performance-evaluation,https://github.com/drumont/performance-evaluation,hospital-manager/admin-search-scenario.js,yes,,0,,1,21:1,0,,0,
rexhinokovaci/az-k8s-cors-proxy,https://github.com/rexhinokovaci/az-k8s-cors-proxy,loadtest/loadtest.js,yes,,0,,0,,0,,1,4:14
itol925/spring-boot-demo,https://github.com/itol925/spring-boot-demo,http-demo/target/classes/scripts/websocket.js,yes,,1,19:18,0,,2,57:17; 102:5,1,5:14
Interstellarss/faas-share-test,https://github.com/Interstellarss/faas-share-test,ResNet/request/k6.js,yes,,2,19:15; 24:20,0,,0,,1,8:14
jutonacherjay/Software_Testing,https://github.com/jutonacherjay/Software_Testing,LoadTestingBy_K6/supplier/All.js,yes,,0,,0,,0,,1,5:14
rpp32-sdc-sand/SanDC,https://github.com/rpp32-sdc-sand/SanDC,sdc/sdc-overview/qnaDb/qnaTests/postAnsTest.js,yes,,0,,0,,0,,1,4:12
parseablehq/quest,https://github.com/parseablehq/quest,scripts/smoke.js,yes,,0,,1,147:1,2,167:20; 174:21,1,7:14
govau/notify,https://github.com/govau/notify,ci/loadtesting/runner.js,yes,,0,,0,,2,78:3; 79:5,1,50:12
2022-Winter-Bootcamp-team-L/hey_apple,https://github.com/2022-Winter-Bootcamp-team-L/hey_apple,script.js,yes,,1,49:14,0,,4,68:31; 69:23; 95:29; 96:21,1,5:14
rashmiiyengar/PerformanceTest_K6,https://github.com/rashmiiyengar/PerformanceTest_K6,utils/random-sleep.js,yes,,0,,1,10:1,0,,1,5:14
hitansh-tria/LoadTesting,https://github.com/hitansh-tria/LoadTesting,Archive/emailOTPSignUp.js,yes,,0,,1,26:1,4,39:18; 54:14; 80:14; 93:14,1,7:14
TAIMROIAL1/sy-w,https://github.com/TAIMROIAL1/sy-w,utils/loadTest.js,yes,,0,,0,,0,,1,4:12
PedroCoelho8/QSOFT-Projeto,https://github.com/PedroCoelho8/QSOFT-Projeto,Part1/documentation/1240485/Performance/Testes/k6/GET/SOAK/SoakTestGETK6.js,yes,,0,,0,,0,,0,
SMACAcademy/Mastery-Course-on-Grafana-Labs-k6---Performance-Testing,https://github.com/SMACAcademy/Mastery-Course-on-Grafana-Labs-k6---Performance-Testing,0-Demo-Files/7-modules/module-http.js,yes,,0,,0,,0,,0,
data-bass/Malcolm-SpotifyAlbum,https://github.com/data-bass/Malcolm-SpotifyAlbum,database/stressTesting/ksixScript.js,yes,,0,,0,,0,,1,4:12
torbendury/kube-networkpolicy-denier,https://github.com/torbendury/kube-networkpolicy-denier,hack/k6/breakpoint.js,yes,,0,,0,,0,,1,4:14
likesistemas/nginx,https://github.com/likesistemas/nginx,k6/index.js,yes,,0,,0,,2,30:3; 30:9,0,
rafaelhbrasil/csharp_async_examples,https://github.com/rafaelhbrasil/csharp_async_examples,AsyncBenchmarks.WebApi/k6/async.js,yes,,0,,1,13:1,0,,1,4:14
snothub/snothub.github.io,https://github.com/snothub/snothub.github.io,loadtest-infra/k6scripts/Biometri/RegistrationTest.js,yes,,0,,1,41:1,4,42:17; 49:23; 59:23; 71:23,1,16:14
Abhay2412/SENG533FinalProject,https://github.com/Abhay2412/SENG533FinalProject,scripts/rampingArrivalRate/spikeTests/scenario1.js,yes,,0,,0,,4,125:5; 134:5; 147:5; 156:5,1,8:14
Abhay2412/SENG533FinalProject,https://github.com/Abhay2412/SENG533FinalProject,scripts/OLD/numberofVUs/constantVUs/10VUs.js,yes,,0,,0,,0,,1,9:14
S6-LT/LumbridgeTimes,https://github.com/S6-LT/LumbridgeTimes,Testing/SmokeTest.js,yes,,0,,1,10:1,0,,0,
Thepaulbabayenon/guimbal-ifilm,https://github.com/Thepaulbabayenon/guimbal-ifilm,scripts/loadtest.ts,yes,,0,,0,,0,,0,
laarossi/MTR895,https://github.com/laarossi/MTR895,src/main/resources/k6/smoke-testing.js,yes,,6,20:18; 30:16; 38:19; 43:16; 47:23; 47:34,0,,0,,1,25:14
nyyshaaa/backend-app-complete,https://github.com/nyyshaaa/backend-app-complete,src/via_server/benchmark.js,yes,,1,5:18,0,,2,35:13; 41:21,0,
luizjr8/mpes-lssj-analise-orquestracao-microsservicos,https://github.com/luizjr8/mpes-lssj-analise-orquestracao-microsservicos,src/grpc/k6/k6-mpes-maestro.js,yes,,1,16:18,0,,2,20:11; 23:15,1,4:14
ONLYOFFICE/DocSpace-stress-tests,https://github.com/ONLYOFFICE/DocSpace-stress-tests,FolderMy/openedit.js,yes,,0,,0,,3,86:9; 104:17; 114:5,1,15:14
rd-b-ms/photo-module,https://github.com/rd-b-ms/photo-module,script.js,yes,,0,,0,,0,,1,7:14
lucasjct/k6-udemy,https://github.com/lucasjct/k6-udemy,concepts/scenarios/03-constant-vus.js,yes,,0,,1,14:1,0,,1,4:14
digitalemil/Sourdough,https://github.com/digitalemil/Sourdough,k8s/k6/readwrite.js,yes,,0,,1,24:1,0,,0,
born-to-be-mad/azure-experiments,https://github.com/born-to-be-mad/azure-experiments,asb/docs/supply-events.js,yes,,0,,1,9:1,0,,1,4:12
Iduk-Baduk/itseats-server,https://github.com/Iduk-Baduk/itseats-server,scripts/healthcheck.js,yes,,0,,0,,0,,1,4:14
yoonmin-kim/TIL,https://github.com/yoonmin-kim/TIL,Ïö∞ÏïÑÌïúÌÖåÌÅ¨Ï∫†ÌîÑPro/smoke.js,yes,,0,,0,,6,38:18; 48:18; 60:19; 61:3; 65:14; 72:15,0,
sravankaruturi/system-design,https://github.com/sravankaruturi/system-design,load-testing/script.js,yes,,0,,0,,2,25:17; 30:21,1,42:14
jrebatta/reqres-k6,https://github.com/jrebatta/reqres-k6,src/post.js,yes,,0,,0,,0,,1,5:14
vunetsystems/Load-Testing-Tool,https://github.com/vunetsystems/Load-Testing-Tool,k6_final/k6_dashboard_name/log_analytics.js,yes,,0,,0,,0,,1,16:12
GualterAlbino/WebServiceK6,https://github.com/GualterAlbino/WebServiceK6,Fluxos/Fluxos.js,yes,,0,,0,,0,,0,